id,first_name,last_name,email,gender
1,Bibi,Pautard,bpautard0@wiley.com,Female
2,Theodor,Ioannou,tioannou1@bigcartel.com,Male
3,Nerita,Hebblewaite,nhebblewaite2@trellian.com,Female
4,Glyn,Hollier,ghollier3@ibm.com,Female
5,Cecelia,Kwiek,ckwiek4@huffingtonpost.com,Female
6,Brittaney,Cruft,bcruft5@altervista.org,Female
7,Florance,Wylie,fwylie6@shinystat.com,Female
8,Paulie,Skitterel,pskitterel7@csmonitor.com,Female
9,Vitoria,Jorissen,vjorissen8@nyu.edu,Female
10,Halette,Jenman,hjenman9@sciencedaily.com,Female
11,Nanette,Tonbridge,ntonbridgea@aboutads.info,Female
12,Pall,Caro,pcarob@microsoft.com,Male
13,Wileen,Jobling,wjoblingc@thetimes.co.uk,Genderqueer
14,Jaimie,Ebenezer,jebenezerd@artisteer.com,Female
15,Scottie,McCook,smccooke@abc.net.au,Male
16,Alfi,Wapplington,awapplingtonf@cdbaby.com,Non-binary
17,Jonathon,Verny,jvernyg@umn.edu,Male
18,Wilma,Vye,wvyeh@illinois.edu,Female
19,Donnajean,Trelease,dtreleasei@google.nl,Female
20,Giavani,Maken,gmakenj@reverbnation.com,Non-binary
21,Laurent,Ready,lreadyk@mapy.cz,Male
22,Karie,Banaszewski,kbanaszewskil@oakley.com,Female
23,Kirsten,Ferre,kferrem@bloomberg.com,Polygender
24,Ramsey,Tuffley,rtuffleyn@sohu.com,Male
25,Harald,Gegay,hgegayo@thetimes.co.uk,Male
26,Ninon,Norquoy,nnorquoyp@stumbleupon.com,Female
27,Shayla,Yeardsley,syeardsleyq@hexun.com,Polygender
28,Archaimbaud,Gwyneth,agwynethr@wisc.edu,Male
29,Darrell,Stanier,dstaniers@icio.us,Genderqueer
30,Dorena,Loreit,dloreitt@gov.uk,Non-binary
31,Klarrisa,Sparway,ksparwayu@arstechnica.com,Female
32,Upton,Hubber,uhubberv@nature.com,Male
33,Candace,Minerdo,cminerdow@barnesandnoble.com,Bigender
34,Nathan,Fullwood,nfullwoodx@hugedomains.com,Male
35,Glen,Budgeon,gbudgeony@omniture.com,Male
36,Shannen,Dri,sdriz@msu.edu,Female
37,Kerrie,Vatini,kvatini10@nymag.com,Female
38,Laraine,Chaddock,lchaddock11@harvard.edu,Female
39,Seamus,Goodfield,sgoodfield12@flavors.me,Bigender
40,Lesli,Kovnot,lkovnot13@jalbum.net,Female
41,Adrianne,Amys,aamys14@gov.uk,Bigender
42,Worthington,Bonsall,wbonsall15@vistaprint.com,Male
43,Reinaldos,Heaps,rheaps16@clickbank.net,Polygender
44,Hartley,Dominighi,hdominighi17@apache.org,Male
45,Ahmad,Pattie,apattie18@deviantart.com,Male
46,Pearl,Djorvic,pdjorvic19@zimbio.com,Female
47,Catherine,Waistall,cwaistall1a@columbia.edu,Female
48,Sebastiano,Oakenfield,soakenfield1b@e-recht24.de,Male
49,Zachery,Lote,zlote1c@mozilla.org,Male
50,Arne,Wisam,awisam1d@globo.com,Male
