id,first_name,last_name,email,gender
1,Marv,Itzkovich,mitzkovich0@mit.edu,Male
2,Cliff,Huntley,chuntley1@artisteer.com,Male
3,Darryl,Scalera,dscalera2@reference.com,Male
4,Philomena,Fanshaw,pfanshaw3@parallels.com,Non-binary
5,Ilise,Fairrie,ifairrie4@amazon.co.jp,Female
6,Essa,Farington,efarington5@wikipedia.org,Female
7,Kacey,Edgington,kedgington6@gizmodo.com,Female
8,Steward,Gorwood,sgorwood7@toplist.cz,Male
9,Ferrell,Addekin,faddekin8@whitehouse.gov,Male
10,Jammie,Casetti,jcasetti9@odnoklassniki.ru,Genderqueer
11,Katee,McCumesky,kmccumeskya@rediff.com,Female
12,Alonso,Churn,achurnb@sciencedirect.com,Male
13,Kristine,Pebworth,kpebworthc@github.io,Female
14,Willey,Wareing,wwareingd@mozilla.com,Male
15,Whittaker,Tal,wtale@go.com,Male
16,Waring,Sirkett,wsirkettf@angelfire.com,Male
17,Staford,Fiennes,sfiennesg@reference.com,Male
18,Bennie,McGougan,bmcgouganh@cam.ac.uk,Male
19,Ryun,Aleksandrev,raleksandrevi@mac.com,Male
20,Melisenda,Phizaclea,mphizacleaj@google.com.hk,Female
21,Holmes,Malyj,hmalyjk@dion.ne.jp,Male
22,Cobby,Hedling,chedlingl@cyberchimps.com,Male
23,Cinda,Escreet,cescreetm@wp.com,Female
24,Ricardo,Dudmesh,rdudmeshn@indiatimes.com,Male
25,Mandie,Bagshaw,mbagshawo@dailymail.co.uk,Female
26,Lonny,Drackford,ldrackfordp@hexun.com,Male
27,Fitzgerald,Evers,feversq@wired.com,Male
28,Cordi,Benezeit,cbenezeitr@ca.gov,Female
29,Gardner,Bedome,gbedomes@about.me,Male
30,Lewiss,Templman,ltemplmant@google.com.br,Male
31,Remus,Mokes,rmokesu@ucoz.ru,Male
32,Josephina,Richmont,jrichmontv@youku.com,Female
33,Gray,Oris,gorisw@ox.ac.uk,Male
34,Hamlin,Kubanek,hkubanekx@merriam-webster.com,Male
35,Tanny,MacRonald,tmacronaldy@cnbc.com,Male
36,Jarid,Anthes,janthesz@ocn.ne.jp,Male
37,Ysabel,Kingett,ykingett10@ucoz.com,Female
38,Alistair,Basill,abasill11@paginegialle.it,Male
39,Hetti,Bunclark,hbunclark12@seattletimes.com,Non-binary
40,Janifer,Sinderland,jsinderland13@cnn.com,Bigender
41,Joyan,Voak,jvoak14@yale.edu,Female
42,Gayle,Girardini,ggirardini15@yandex.ru,Male
43,Say,Millson,smillson16@goo.ne.jp,Male
44,Mohandis,Faber,mfaber17@mozilla.org,Male
45,Brod,Clemes,bclemes18@cnet.com,Male
46,Marthe,Aspel,maspel19@google.com,Female
47,Skippy,Elvish,selvish1a@europa.eu,Male
48,Wildon,Petford,wpetford1b@opera.com,Male
49,Norah,Spinella,nspinella1c@imageshack.us,Female
50,Karil,Showen,kshowen1d@cdc.gov,Female
